id,first_name,last_name,birthday,added_at,gender
1,Fina,Kingescot,8/24/2019,02/03/2020,Female
2,Rex,Hast,02/08/2020,03/03/2020,Male
3,Tine,Lindgren,4/24/2019,04/03/2020,Female
4,Theobald,Warlow,09/03/2019,05/03/2020,Male
5,Adelind,Besque,5/16/2019,06/03/2020,Female
6,Allison,Gallon,03/08/2019,07/03/2020,Female
7,Duffy,Mathonnet,12/21/2019,08/03/2020,Male
8,Derk,Wauchope,11/02/2019,09/03/2020,Male
9,Jessica,Troutbeck,3/13/2019,10/03/2020,Female
10,Brook,Pilpovic,9/29/2019,11/03/2020,Male
11,Ezra,Edelston,01/07/2020,12/03/2020,Male
12,Guthrey,Probbings,9/19/2019,13/03/2020,Male
13,Deborah,Plant,02/03/2020,14/03/2020,Female
14,Briana,Dreghorn,05/01/2019,15/03/2020,Female
15,Persis,Matteau,11/12/2019,16/03/2020,Female
16,Auberta,Tiltman,01/01/2020,17/03/2020,Female
17,Edouard,Geri,7/30/2019,18/03/2020,Male
18,Jacquelin,Plaice,12/29/2019,19/03/2020,Female
19,Christina,Guise,5/31/2019,20/03/2020,Female
20,Dennie,Trenbay,10/26/2019,21/03/2020,Female
21,Octavius,Maudson,5/18/2019,22/03/2020,Male
22,Jeddy,Brophy,8/13/2019,23/03/2020,Male
23,Eziechiele,Buesden,10/14/2019,24/03/2020,Male
24,Delila,Rodden,5/19/2019,25/03/2020,Female
25,Adriane,Pietesch,6/24/2019,26/03/2020,Female
26,Cynthie,Eshelby,05/05/2019,27/03/2020,Female
27,Wash,Mossdale,09/08/2019,28/03/2020,Male
28,Tildie,Roger,2/18/2020,29/03/2020,Female
29,Loralyn,Monelli,2/19/2020,30/03/2020,Female
30,Osborne,Shakesby,9/13/2019,31/03/2020,Male
31,Chickie,Vasenin,12/24/2019,01/04/2020,Male
32,Tommi,Baxstare,8/17/2019,02/04/2020,Female
33,Linus,Littlechild,2/15/2020,03/04/2020,Male
34,Andrea,Ryland,05/05/2019,04/04/2020,Female
35,Rina,Clay,11/04/2019,05/04/2020,Female
36,Pietro,Farrey,07/04/2019,06/04/2020,Male
37,Remy,Herion,06/05/2019,07/04/2020,Female
38,Correy,Gawith,7/21/2019,08/04/2020,Male
39,Clem,Caraher,8/28/2019,09/04/2020,Male
40,Tawsha,Masters,4/14/2019,10/04/2020,Female
41,Carolus,Yurocjhin,7/26/2019,11/04/2020,Male
42,Kay,Capey,8/28/2019,12/04/2020,Female
43,Mildrid,Ruggiero,05/09/2019,13/04/2020,Female
44,Ansel,Bilbee,10/24/2019,14/04/2020,Male
45,Alleyn,Welch,7/26/2019,15/04/2020,Male
46,Aida,Fairbeard,11/02/2019,16/04/2020,Female
47,Silvano,Bertie,1/22/2020,17/04/2020,Male
48,Wallas,Grinnell,4/15/2019,18/04/2020,Male
49,Sheilakathryn,Devitt,11/12/2019,19/04/2020,Female
50,Jerrylee,Stace,11/23/2019,20/04/2020,Female
51,Koenraad,Shouler,1/24/2020,21/04/2020,Male
52,Nydia,Lalonde,10/20/2019,22/04/2020,Female
53,Konstance,Winman,10/29/2019,23/04/2020,Female
54,Elinore,Twigley,02/05/2020,24/04/2020,Female
55,Teddie,Sweetsur,5/26/2019,25/04/2020,Male
56,Isidore,Chadd,07/04/2019,26/04/2020,Male
57,Salome,Golthorpp,4/24/2019,27/04/2020,Female
58,Kerrie,Fawdrey,09/02/2019,28/04/2020,Female
59,Haskel,Couvet,8/13/2019,29/04/2020,Male
60,Bernardina,Hendrikse,03/03/2019,30/04/2020,Female
61,Toinette,Scarlett,04/08/2019,01/05/2020,Female
62,Harp,Moller,09/01/2019,02/05/2020,Male
63,Sid,Beaulieu,11/25/2019,03/05/2020,Male
64,Alessandro,MacKibbon,02/05/2020,04/05/2020,Male
65,Annabella,Gawn,10/02/2019,05/05/2020,Female
66,Giorgio,Kiraly,4/20/2019,06/05/2020,Male
67,Noach,Adolfson,9/24/2019,07/05/2020,Male
68,Renata,Swanwick,5/13/2019,08/05/2020,Female
69,Goldina,Clowney,05/11/2019,09/05/2020,Female
70,Shelagh,Rawcliffe,11/27/2019,10/05/2020,Female
71,Hank,Fidock,11/05/2019,11/05/2020,Male
72,Debbie,Pascow,12/28/2019,12/05/2020,Female
73,Edlin,Coombe,2/23/2020,13/05/2020,Male
74,Amberly,Robbings,1/19/2020,14/05/2020,Female
75,Elyse,Lauridsen,10/20/2019,15/05/2020,Female
76,Amber,Graeser,5/28/2019,16/05/2020,Female
77,Jimmy,Giamelli,3/19/2019,17/05/2020,Male
78,Gayle,Hutton,1/14/2020,18/05/2020,Male
79,Calida,Trevethan,11/11/2019,19/05/2020,Female
80,Kaye,Elsom,12/22/2019,20/05/2020,Female
81,Katrine,Fareweather,11/27/2019,21/05/2020,Female
82,Kaitlin,Lamplugh,12/02/2019,22/05/2020,Female
83,Morgen,Brittan,1/19/2020,23/05/2020,Female
84,Gabie,Spino,4/30/2019,24/05/2020,Male
85,Lazar,Giabucci,7/26/2019,25/05/2020,Male
86,Mohandas,Butters,11/15/2019,26/05/2020,Male
87,Salmon,Ellingham,10/13/2019,27/05/2020,Male
88,Elia,Summerson,07/04/2019,28/05/2020,Male
89,Flinn,Ornils,3/13/2019,29/05/2020,Male
90,Adrea,Canet,08/05/2019,30/05/2020,Female
91,Kathryn,Hackett,7/21/2019,31/05/2020,Female
92,Raquel,Poge,7/21/2019,01/06/2020,Female
93,Ware,Labram,7/18/2019,02/06/2020,Male
94,Wallache,Caldicott,07/07/2019,03/06/2020,Male
95,Roslyn,Sloy,12/17/2019,04/06/2020,Female
96,Lyell,Dittson,6/13/2019,05/06/2020,Male
97,Livia,Drinnan,7/14/2019,06/06/2020,Female
98,Audra,Eckels,8/14/2019,07/06/2020,Female
99,Britt,Swaine,01/02/2020,08/06/2020,Male
100,Alfonse,Muncaster,01/12/2020,09/06/2020,Male
101,Blithe,Rosina,6/23/2019,10/06/2020,Female
102,Galven,Willbraham,3/15/2019,11/06/2020,Male
103,Marten,Carville,03/02/2019,12/06/2020,Male
104,Hyacinthie,Fairburne,11/07/2019,13/06/2020,Female
105,Findley,Etherson,7/15/2019,14/06/2020,Male
106,Curtis,Adamiec,07/03/2019,15/06/2020,Male
107,Elise,Piquard,6/17/2019,16/06/2020,Female
108,Loy,Biddlecombe,03/05/2019,17/06/2020,Male
109,Tiffie,Steade,01/03/2020,18/06/2020,Female
110,Frederich,Unthank,5/29/2019,19/06/2020,Male
111,Elaine,Eglese,08/07/2019,20/06/2020,Female
112,Jeremie,Ketchaside,10/16/2019,21/06/2020,Male
113,Reagan,Parman,3/29/2019,22/06/2020,Male
114,Tedie,Ovise,10/15/2019,23/06/2020,Male
115,Welbie,Rennolds,1/16/2020,24/06/2020,Male
116,Emilee,Dickerson,01/05/2020,25/06/2020,Female
117,Duffy,Guthrie,2/27/2020,26/06/2020,Male
118,Venus,Vine,02/01/2020,27/06/2020,Female
119,Haleigh,Crissil,4/28/2019,28/06/2020,Female
120,Rois,Pinniger,11/04/2019,29/06/2020,Female
121,Dael,O'Hederscoll,7/30/2019,30/06/2020,Male
122,Giuditta,Heindle,06/12/2019,01/07/2020,Female
123,Stephanus,Izat,04/01/2019,02/07/2020,Male
124,Norris,McDonnell,4/30/2019,03/07/2020,Male
125,Jan,Gieraths,11/02/2019,04/07/2020,Male
126,Jacki,Fotheringham,9/13/2019,05/07/2020,Female
127,Normand,Monshall,9/25/2019,06/07/2020,Male
128,Consuelo,Gaines,4/27/2019,07/07/2020,Female
129,Zorah,Soar,9/22/2019,08/07/2020,Female
130,Tuesday,Nolder,7/21/2019,09/07/2020,Female
131,Ofelia,Rudeforth,10/13/2019,10/07/2020,Female
132,Clarice,Loosmore,08/10/2019,11/07/2020,Female
133,Dulciana,Shawel,04/10/2019,12/07/2020,Female
134,Iggie,Halifax,3/20/2019,13/07/2020,Male
135,Harv,Kopelman,09/04/2019,14/07/2020,Male
136,Judah,Charte,04/02/2019,15/07/2020,Male
137,Thalia,Iorillo,5/17/2019,16/07/2020,Female
138,Flossi,Levine,4/21/2019,17/07/2020,Female
139,Viole,Jakov,1/25/2020,18/07/2020,Female
140,Rorke,McMurdo,11/12/2019,19/07/2020,Male
141,Doll,Sharer,2/19/2020,20/07/2020,Female
142,Laurena,Kamen,7/26/2019,21/07/2020,Female
143,Whittaker,Twort,10/23/2019,22/07/2020,Male
144,Reed,MacPadene,9/29/2019,23/07/2020,Male
145,Hirsch,Appleton,5/23/2019,24/07/2020,Male
146,Xever,Barrabeale,04/05/2019,25/07/2020,Male
147,Yanaton,De Matteis,2/17/2020,26/07/2020,Male
148,Deloris,Willishire,12/12/2019,27/07/2020,Female
149,Dru,Finessy,3/18/2019,28/07/2020,Female
150,Herbert,Riden,07/10/2019,29/07/2020,Male
151,Waiter,Eaglesham,08/11/2019,30/07/2020,Male
152,Nobie,Heintsch,6/24/2019,31/07/2020,Male
153,Shae,Castrillo,10/27/2019,01/08/2020,Male
154,Dianemarie,Millis,8/22/2019,02/08/2020,Female
155,Kath,Gallihawk,07/12/2019,03/08/2020,Female
156,Koralle,Brunetti,2/20/2020,04/08/2020,Female
157,Shawnee,McLanaghan,7/20/2019,05/08/2020,Female
158,Tamera,Sivill,07/04/2019,06/08/2020,Female
159,Hamish,Rackstraw,1/14/2020,07/08/2020,Male
160,Rene,Casswell,02/08/2020,08/08/2020,Female
161,Sammie,Brain,07/03/2019,09/08/2020,Male
162,Sterling,McTrustrie,05/07/2019,10/08/2020,Male
163,Weston,Allenby,12/13/2019,11/08/2020,Male
164,Rob,Lefeuvre,11/05/2019,12/08/2020,Male
165,Calida,Jewell,01/09/2020,13/08/2020,Female
166,Danielle,Iffe,04/05/2019,14/08/2020,Female
167,Clyve,Butson,6/30/2019,15/08/2020,Male
168,Davey,O'Carrol,9/16/2019,16/08/2020,Male
169,Wilbur,Learmouth,9/18/2019,17/08/2020,Male
170,Jasmin,Dallow,12/12/2019,18/08/2020,Female
171,Salli,Randleson,03/02/2019,19/08/2020,Female
172,Shaw,Castana,9/19/2019,20/08/2020,Male
173,Teddy,Keys,7/14/2019,21/08/2020,Female
174,Fremont,Ragborne,2/25/2020,22/08/2020,Male
175,Wain,Ellcock,4/30/2019,23/08/2020,Male
176,Dex,Lidden,9/13/2019,24/08/2020,Male
177,Celeste,Bergeau,11/25/2019,25/08/2020,Female
178,Dolorita,Stubbert,03/11/2019,26/08/2020,Female
179,Zora,Wernher,06/11/2019,27/08/2020,Female
180,Beck,Hunte,10/14/2019,28/08/2020,Male
181,Lorianna,Flatte,03/03/2019,29/08/2020,Female
182,Dougy,Gamwell,3/14/2019,30/08/2020,Male
183,Nigel,Manchester,3/19/2019,31/08/2020,Male
184,Constancia,Dunk,7/14/2019,01/09/2020,Female
185,Konstantine,Dayley,8/31/2019,02/09/2020,Male
186,Vanny,Fothergill,3/22/2019,03/09/2020,Female
187,Stern,Piller,02/08/2020,04/09/2020,Male
188,Bernete,Foottit,5/25/2019,05/09/2020,Female
189,Wendy,Dominighi,7/13/2019,06/09/2020,Female
190,Danette,Huntington,5/25/2019,07/09/2020,Female
191,Kiel,Groom,02/01/2020,08/09/2020,Male
192,Pryce,Gniewosz,11/23/2019,09/09/2020,Male
193,Caroljean,Dyble,06/01/2019,10/09/2020,Female
194,Fara,Skey,04/01/2019,11/09/2020,Female
195,Ivy,Mosey,6/17/2019,12/09/2020,Female
196,Verine,Beauman,04/07/2019,13/09/2020,Female
197,Ellwood,Pankettman,05/03/2019,14/09/2020,Male
198,Samuele,Farish,02/02/2020,15/09/2020,Male
199,Harriette,Picott,12/11/2019,16/09/2020,Female
200,Terencio,Goymer,12/25/2019,17/09/2020,Male
201,Myrna,Parmiter,2/28/2020,18/09/2020,Female
202,Hogan,Jerrard,01/05/2020,19/09/2020,Male
203,Heddie,Broz,02/03/2020,20/09/2020,Female
204,Alyssa,Camis,05/05/2019,21/09/2020,Female
205,Waverly,Merrell,4/29/2019,22/09/2020,Male
206,Heall,Kettlestring,8/17/2019,23/09/2020,Male
207,Leodora,Nockolds,3/18/2019,24/09/2020,Female
208,Sybyl,Bromilow,05/08/2019,25/09/2020,Female
209,Mohammed,Pappi,8/16/2019,26/09/2020,Male
210,Trish,Egdal,2/15/2020,27/09/2020,Female
211,Abram,Pethick,5/29/2019,28/09/2020,Male
212,Laina,Crack,9/23/2019,29/09/2020,Female
213,Susie,Bathoe,5/30/2019,30/09/2020,Female
214,Garnette,Realff,4/26/2019,01/10/2020,Female
215,Sibella,Bradfield,03/01/2020,02/10/2020,Female
216,Edgard,Craythorn,5/30/2019,03/10/2020,Male
217,Kalvin,Pau,12/12/2019,04/10/2020,Male
218,Belinda,Howison,9/27/2019,05/10/2020,Female
219,Eliza,Verrick,7/23/2019,06/10/2020,Female
220,Leontine,Smethurst,1/28/2020,07/10/2020,Female
221,Brose,Seviour,8/16/2019,08/10/2020,Male
222,Merrile,Bend,2/25/2020,09/10/2020,Female
223,Jenelle,Spruce,7/24/2019,10/10/2020,Female
224,Estevan,Nealey,05/07/2019,11/10/2020,Male
225,Bronson,Meader,12/04/2019,12/10/2020,Male
226,Allianora,Layfield,12/22/2019,13/10/2020,Female
227,Clarence,Maureen,3/13/2019,14/10/2020,Male
228,Vittorio,Coulthard,09/06/2019,15/10/2020,Male
229,Dietrich,Zeale,10/01/2019,16/10/2020,Male
230,Karena,Dana,1/19/2020,17/10/2020,Female
231,Dani,Corbridge,8/25/2019,18/10/2020,Male
232,Eileen,Aronowitz,3/25/2019,19/10/2020,Female
233,Erskine,Whitwell,1/31/2020,20/10/2020,Male
234,Cari,Prichard,06/07/2019,21/10/2020,Female
235,Eunice,Life,3/18/2019,22/10/2020,Female
236,Bette,Ryce,3/17/2019,23/10/2020,Female
237,Merralee,Meekins,2/17/2020,24/10/2020,Female
238,Ronnica,Cutchey,4/19/2019,25/10/2020,Female
239,Eal,Port,1/27/2020,26/10/2020,Male
240,Tiebold,Bassingham,9/26/2019,27/10/2020,Male
241,Heda,Belfrage,4/19/2019,28/10/2020,Female
242,Alden,Golding,4/20/2019,29/10/2020,Male
243,Demeter,Starte,07/02/2019,30/10/2020,Female
244,Angeli,Dominguez,1/21/2020,31/10/2020,Male
245,Raynell,Hirtz,5/27/2019,01/11/2020,Female
246,Atalanta,Weond,9/14/2019,02/11/2020,Female
247,Roy,Rosterne,1/21/2020,03/11/2020,Male
248,Putnam,Lorenzini,12/22/2019,04/11/2020,Male
249,Dian,Bernardino,09/04/2019,05/11/2020,Female
250,Colleen,Cavee,10/17/2019,06/11/2020,Female
251,Jolynn,Romand,3/25/2019,07/11/2020,Female
252,Christalle,Gatch,2/22/2020,08/11/2020,Female
253,Tanner,Vida,11/21/2019,09/11/2020,Male
254,Joela,Bartholin,11/20/2019,10/11/2020,Female
255,Lyell,Marwood,04/07/2019,11/11/2020,Male
256,Evan,Caroll,04/05/2019,12/11/2020,Male
257,Desirae,Leer,3/16/2019,13/11/2020,Female
258,Aldis,Patrick,10/23/2019,14/11/2020,Male
259,Nicola,Gonsalvez,02/10/2020,15/11/2020,Male
260,Dody,Halworth,2/26/2020,16/11/2020,Female
261,Klarrisa,Strafford,05/03/2019,17/11/2020,Female
262,Walker,Leidl,11/09/2019,18/11/2020,Male
263,Frasquito,Zapater,03/01/2020,19/11/2020,Male
264,Izabel,Faithfull,12/02/2019,20/11/2020,Female
265,Archambault,Doding,09/07/2019,21/11/2020,Male
266,Richard,Dursley,2/23/2020,22/11/2020,Male
267,Ophelia,Gotts,3/27/2019,23/11/2020,Female
268,Olvan,Saket,01/02/2020,24/11/2020,Male
269,Giacinta,Presshaugh,8/19/2019,25/11/2020,Female
270,Estevan,Wornum,06/03/2019,26/11/2020,Male
271,Eba,Euels,5/29/2019,27/11/2020,Female
272,Park,Cairney,04/12/2019,28/11/2020,Male
273,Janenna,Rutter,10/08/2019,29/11/2020,Female
274,Rustin,Skirrow,8/28/2019,30/11/2020,Male
275,Andros,Treadgear,04/08/2019,01/12/2020,Male
276,Shawn,Wadwell,05/05/2019,02/12/2020,Female
277,Toddy,O'dell,06/10/2019,03/12/2020,Male
278,Isadore,Lindl,7/31/2019,04/12/2020,Male
279,Nadya,Shreenan,2/13/2020,05/12/2020,Female
280,Ulysses,Cunliffe,6/15/2019,06/12/2020,Male
281,Joyous,Bleasdale,10/14/2019,07/12/2020,Female
282,Dennet,Blade,11/03/2019,08/12/2020,Male
283,Alfie,Hadwen,04/03/2019,09/12/2020,Male
284,Kathryn,Rupel,06/02/2019,10/12/2020,Female
285,Spike,Culvey,7/30/2019,11/12/2020,Male
286,Davis,Hallam,7/21/2019,12/12/2020,Male
287,Mercie,Dempster,04/01/2019,13/12/2020,Female
288,Alis,Poyner,08/03/2019,14/12/2020,Female
289,Vince,Dunk,9/27/2019,15/12/2020,Male
290,Arnuad,Lockyer,3/22/2019,16/12/2020,Male
291,Vincents,Marchello,9/19/2019,17/12/2020,Male
292,Melvin,McClosh,7/17/2019,18/12/2020,Male
293,Ellyn,Teall,12/20/2019,19/12/2020,Female
294,Tiphany,Rawstorne,9/21/2019,20/12/2020,Female
295,Otto,Vicent,11/08/2019,21/12/2020,Male
296,Haily,Lorain,6/24/2019,22/12/2020,Male
297,Rodolfo,Crimp,2/28/2020,23/12/2020,Male
298,Erminia,Athow,05/12/2019,24/12/2020,Female
299,Vivien,Sindall,3/28/2019,25/12/2020,Female
300,Marney,Coll,5/15/2019,26/12/2020,Female
301,Inger,Licciardello,11/04/2019,27/12/2020,Male
302,Deni,Schoffel,5/21/2019,28/12/2020,Female
303,Gerome,Derington,04/12/2019,29/12/2020,Male
304,Cherianne,Cannavan,9/30/2019,30/12/2020,Female
305,Shaughn,Seleway,4/28/2019,31/12/2020,Male
306,Hiram,Pumphrey,05/03/2019,01/01/2021,Male
307,Moore,Scrowton,5/20/2019,02/01/2021,Male
308,Anabella,Jeannard,5/27/2019,03/01/2021,Female
309,Alleen,Averay,12/21/2019,04/01/2021,Female
310,Lizzy,Winsley,05/03/2019,05/01/2021,Female
311,Torrin,Rastrick,4/28/2019,06/01/2021,Male
312,Olag,Fowle,5/21/2019,07/01/2021,Male
313,Reese,Clarke,2/28/2020,08/01/2021,Male
314,Roslyn,Dugue,8/31/2019,09/01/2021,Female
315,Homer,Reichartz,7/28/2019,10/01/2021,Male
316,Beckie,FitzGeorge,1/28/2020,11/01/2021,Female
317,Rhonda,Cohen,11/23/2019,12/01/2021,Female
318,Doralynn,Handasyde,03/08/2019,13/01/2021,Female
319,Merill,Garioch,8/17/2019,14/01/2021,Male
320,Ossie,Satchell,7/30/2019,15/01/2021,Male
321,Jolie,MacDearmid,2/19/2020,16/01/2021,Female
322,Iago,Roan,03/03/2019,17/01/2021,Male
323,Amandy,Dunican,10/21/2019,18/01/2021,Female
324,Bethina,Burke,9/29/2019,19/01/2021,Female
325,Vicky,Yair,1/16/2020,20/01/2021,Female
326,Ogdan,Blewis,7/31/2019,21/01/2021,Male
327,Jolee,Tuerena,10/01/2019,22/01/2021,Female
328,Haskell,Janic,4/30/2019,23/01/2021,Male
329,Lyle,Cavy,10/21/2019,24/01/2021,Male
330,Brannon,Gladding,5/13/2019,25/01/2021,Male
331,Niccolo,Oughtright,4/27/2019,26/01/2021,Male
332,Janna,Wallhead,11/06/2019,27/01/2021,Female
333,Felicio,Cotilard,1/17/2020,28/01/2021,Male
334,Zerk,Onians,03/07/2019,29/01/2021,Male
335,Neall,Tissington,11/03/2019,30/01/2021,Male
336,Ted,Kleinschmidt,7/31/2019,31/01/2021,Male
337,Titos,Bonson,1/26/2020,01/02/2021,Male
338,Lorelei,Hanigan,6/24/2019,02/02/2021,Female
339,Marshall,Lissaman,6/22/2019,03/02/2021,Male
340,Stepha,Corbert,7/21/2019,04/02/2021,Female
341,Skippy,Johnsey,01/12/2020,05/02/2021,Male
342,Cyrill,Lewing,09/12/2019,06/02/2021,Male
343,Talia,Martygin,8/27/2019,07/02/2021,Female
344,Tiffi,Delue,12/16/2019,08/02/2021,Female
345,Anthea,Aird,8/23/2019,09/02/2021,Female
346,Tedda,Lepard,11/24/2019,10/02/2021,Female
347,Catie,Sarge,04/12/2019,11/02/2021,Female
348,Kinny,Luno,06/09/2019,12/02/2021,Male
349,Georgie,Enriquez,12/21/2019,13/02/2021,Female
350,Murry,Duddin,2/23/2020,14/02/2021,Male
351,Robby,Minithorpe,3/24/2019,15/02/2021,Female
352,Lyn,Dunniom,06/10/2019,16/02/2021,Female
353,Lucius,Middlemist,4/27/2019,17/02/2021,Male
354,Vivyanne,Millberg,03/05/2019,18/02/2021,Female
355,Maisey,Chin,3/29/2019,19/02/2021,Female
356,Normand,Nield,01/11/2020,20/02/2021,Male
357,Wilhelm,Easen,9/30/2019,21/02/2021,Male
358,Walliw,Knight,09/03/2019,22/02/2021,Female
359,Wendell,Ludvigsen,04/10/2019,23/02/2021,Male
360,Dulciana,Trymme,08/04/2019,24/02/2021,Female
361,Kile,Maitland,10/01/2019,25/02/2021,Male
362,Fay,Piggford,11/14/2019,26/02/2021,Female
363,Natalina,Snelgrove,09/05/2019,27/02/2021,Female
364,Cull,Castlake,6/26/2019,28/02/2021,Male
365,Kerrill,Bunney,2/25/2020,01/03/2021,Female
366,Glynda,Pidgeon,9/28/2019,02/03/2021,Female
367,Quill,Bawcock,4/18/2019,03/03/2021,Male
368,Hillie,Fradgley,4/15/2019,04/03/2021,Male
369,Danica,Mountney,02/08/2020,05/03/2021,Female
370,Judd,Gartell,01/01/2020,06/03/2021,Male
371,Linus,Croughan,04/08/2019,07/03/2021,Male
372,Gage,Ondrusek,03/09/2019,08/03/2021,Male
373,Malinde,Cregan,8/26/2019,09/03/2021,Female
374,Roobbie,Boylin,11/18/2019,10/03/2021,Female
375,Kevan,Mival,1/31/2020,11/03/2021,Male
376,Clemente,Shevell,6/26/2019,12/03/2021,Male
377,Lotti,Ysson,8/23/2019,13/03/2021,Female
378,Hannie,Frudd,09/11/2019,14/03/2021,Female
379,Gweneth,Twelves,9/14/2019,15/03/2021,Female
380,Hakim,Delacour,9/17/2019,16/03/2021,Male
381,Bessie,Roux,07/11/2019,17/03/2021,Female
382,Nikolia,Grombridge,8/31/2019,18/03/2021,Female
383,Caroljean,Ricca,06/11/2019,19/03/2021,Female
384,Catlee,Thornbarrow,9/18/2019,20/03/2021,Female
385,Yance,Osment,11/09/2019,21/03/2021,Male
386,Rowe,Hand,12/29/2019,22/03/2021,Female
387,Shelby,Snalham,02/10/2020,23/03/2021,Female
388,Zaria,Belshaw,10/09/2019,24/03/2021,Female
389,Corey,Scorthorne,10/18/2019,25/03/2021,Female
390,Dewey,Obbard,5/21/2019,26/03/2021,Male
391,Thaxter,Craddock,10/20/2019,27/03/2021,Male
392,Rooney,Furphy,01/07/2020,28/03/2021,Male
393,Agna,Belone,3/28/2019,29/03/2021,Female
394,Niki,Peterken,12/10/2019,30/03/2021,Female
395,Carolus,Casolla,10/12/2019,31/03/2021,Male
396,Kingsley,McAlarney,9/19/2019,01/04/2021,Male
397,Lezley,Cassius,7/25/2019,02/04/2021,Male
398,Staffard,Buckley,1/29/2020,03/04/2021,Male
399,Madlin,Woodger,12/20/2019,04/04/2021,Female
400,Jo,Arnley,09/06/2019,05/04/2021,Female
401,Arielle,Compford,01/01/2020,06/04/2021,Female
402,Latrena,Pappin,3/19/2019,07/04/2021,Female
403,Rasia,Brotherhead,11/27/2019,08/04/2021,Female
404,Bernetta,Labadini,8/23/2019,09/04/2021,Female
405,Keven,Goldfinch,12/08/2019,10/04/2021,Male
406,Harlen,Morecomb,10/24/2019,11/04/2021,Male
407,Douglas,Leyban,05/10/2019,12/04/2021,Male
408,Virgilio,Duckitt,05/10/2019,13/04/2021,Male
409,Teodoro,Santer,3/16/2019,14/04/2021,Male
410,Margarete,Woollcott,06/09/2019,15/04/2021,Female
411,Sigismond,Cannicott,08/09/2019,16/04/2021,Male
412,Jeramie,Heffron,3/26/2019,17/04/2021,Male
413,Carmencita,Hunte,6/22/2019,18/04/2021,Female
414,Deane,Melsome,10/14/2019,19/04/2021,Male
415,Hart,Ethridge,06/03/2019,20/04/2021,Male
416,Brandice,Noddle,09/12/2019,21/04/2021,Female
417,Ogdan,Featherstonhalgh,2/24/2020,22/04/2021,Male
418,Grenville,Newcomb,07/03/2019,23/04/2021,Male
419,Sean,Bariball,6/13/2019,24/04/2021,Male
420,Betti,Dudman,12/19/2019,25/04/2021,Female
421,Noach,Santino,09/06/2019,26/04/2021,Male
422,Jessee,Giannini,11/29/2019,27/04/2021,Male
423,Athena,Vigar,05/10/2019,28/04/2021,Female
424,Valentijn,Issatt,12/17/2019,29/04/2021,Male
425,Bren,Avramovich,5/13/2019,30/04/2021,Male
426,Fran,Brunsdon,7/27/2019,01/05/2021,Male
427,Brennan,Ikins,11/03/2019,02/05/2021,Male
428,Eunice,Henker,8/25/2019,03/05/2021,Female
429,Sean,Fairbairn,2/21/2020,04/05/2021,Female
430,Alfonse,Cawdery,8/16/2019,05/05/2021,Male
431,Gonzales,McDowell,01/05/2020,06/05/2021,Male
432,Sim,Sibyllina,12/24/2019,07/05/2021,Male
433,Corry,Wilshire,9/28/2019,08/05/2021,Female
434,Deeanne,Weinberg,12/19/2019,09/05/2021,Female
435,Shelton,Kemm,06/02/2019,10/05/2021,Male
436,Suki,Burdess,11/07/2019,11/05/2021,Female
437,Milzie,Anthony,09/06/2019,12/05/2021,Female
438,Consolata,Kolak,05/09/2019,13/05/2021,Female
439,Tammy,Dyas,12/23/2019,14/05/2021,Female
440,Pippo,Agglione,10/31/2019,15/05/2021,Male
441,Henri,Fredy,10/19/2019,16/05/2021,Male
442,Carla,Phalip,3/30/2019,17/05/2021,Female
443,Erena,Goude,02/09/2020,18/05/2021,Female
444,Caprice,Thyer,3/26/2019,19/05/2021,Female
445,Floria,Gawn,1/30/2020,20/05/2021,Female
446,Bill,Fawcitt,9/16/2019,21/05/2021,Male
447,Goran,Ruprechter,12/21/2019,22/05/2021,Male
448,Rea,Millery,06/04/2019,23/05/2021,Female
449,Sayre,Leroy,2/15/2020,24/05/2021,Female
450,Consuela,Manns,4/25/2019,25/05/2021,Female
451,Gordy,Wilden,3/28/2019,26/05/2021,Male
452,Keenan,Fowley,11/18/2019,27/05/2021,Male
453,Lothario,Dunston,5/18/2019,28/05/2021,Male
454,Cecelia,Grandisson,11/18/2019,29/05/2021,Female
455,Collie,Brewse,03/12/2019,30/05/2021,Female
456,Bendite,Deason,06/04/2019,31/05/2021,Female
457,Floris,Boatswain,6/16/2019,01/06/2021,Female
458,Lisabeth,Oxlee,03/01/2020,02/06/2021,Female
459,Flin,Wye,6/28/2019,03/06/2021,Male
460,Armand,Cockson,1/30/2020,04/06/2021,Male
461,Papageno,Monro,06/08/2019,05/06/2021,Male
462,Shane,Tschirasche,1/19/2020,06/06/2021,Female
463,Halette,Bister,10/17/2019,07/06/2021,Female
464,Lanie,End,09/11/2019,08/06/2021,Male
465,Janos,Adderson,03/10/2019,09/06/2021,Male
466,Moyna,Rubie,05/05/2019,10/06/2021,Female
467,Bennie,Mc Gorley,11/04/2019,11/06/2021,Male
468,Karisa,Follacaro,9/21/2019,12/06/2021,Female
469,Horace,Kitcher,03/11/2019,13/06/2021,Male
470,Gerardo,Bartolommeo,05/04/2019,14/06/2021,Male
471,Arel,Wison,12/17/2019,15/06/2021,Male
472,Trip,Szymanek,3/22/2019,16/06/2021,Male
473,Micheil,Ritchard,5/18/2019,17/06/2021,Male
474,Clayton,Collings,01/11/2020,18/06/2021,Male
475,Fowler,Bedrosian,08/12/2019,19/06/2021,Male
476,Jereme,Tuffell,02/05/2020,20/06/2021,Male
477,Amalea,Polding,12/25/2019,21/06/2021,Female
478,Kaitlynn,Gunningham,6/13/2019,22/06/2021,Female
479,Romeo,Blakeslee,8/30/2019,23/06/2021,Male
480,Alano,Gookey,09/07/2019,24/06/2021,Male
481,Norma,Fawbert,2/27/2020,25/06/2021,Female
482,Ely,Mathouse,2/29/2020,26/06/2021,Male
483,Luke,McConville,9/16/2019,27/06/2021,Male
484,Cynthie,Edland,08/01/2019,28/06/2021,Female
485,Kipper,Ivery,5/14/2019,29/06/2021,Male
486,Shantee,Plan,7/20/2019,30/06/2021,Female
487,Hermia,Berrygun,10/26/2019,01/07/2021,Female
488,Jillian,Creevy,12/07/2019,02/07/2021,Female
489,Clay,Hallowes,04/03/2019,03/07/2021,Male
490,Ronalda,Pavett,12/06/2019,04/07/2021,Female
491,Alon,Josovitz,10/13/2019,05/07/2021,Male
492,Muire,Pasque,11/01/2019,06/07/2021,Female
493,Osmond,Barlow,2/19/2020,07/07/2021,Male
494,Delora,Perott,05/04/2019,08/07/2021,Female
495,Coralie,Hamelyn,02/03/2020,09/07/2021,Female
496,Bentlee,Nunn,2/15/2020,10/07/2021,Male
497,Xenos,Farden,2/15/2020,11/07/2021,Male
498,Bink,Waldie,5/16/2019,12/07/2021,Male
499,Kynthia,Wolvey,6/22/2019,13/07/2021,Female
500,Chas,Hansill,04/12/2019,14/07/2021,Male
501,Laney,Tucknott,7/30/2019,15/07/2021,Female
502,Vince,O'Geaney,2/13/2020,16/07/2021,Male
503,Elvin,Ever,3/18/2019,17/07/2021,Male
504,Philis,Aimson,3/17/2019,18/07/2021,Female
505,Tann,Caswill,1/30/2020,19/07/2021,Male
506,Devora,Canto,9/26/2019,20/07/2021,Female
507,Kelley,Coggon,7/15/2019,21/07/2021,Male
508,Fawnia,Baglan,4/23/2019,22/07/2021,Female
509,Ruggiero,Akker,10/02/2019,23/07/2021,Male
510,Rubi,Mordanti,04/06/2019,24/07/2021,Female
511,Darrin,Hackworth,11/03/2019,25/07/2021,Male
512,Lexi,Hildred,11/27/2019,26/07/2021,Female
513,Winona,Bentke,3/19/2019,27/07/2021,Female
514,Holly-anne,Flatt,10/18/2019,28/07/2021,Female
515,Cristine,Fursland,8/25/2019,29/07/2021,Female
516,Worthington,Plowman,11/10/2019,30/07/2021,Male
517,Ruy,Jakab,1/24/2020,31/07/2021,Male
518,Cherri,Stapylton,06/03/2019,01/08/2021,Female
519,Stanton,Djurdjevic,08/09/2019,02/08/2021,Male
520,Odie,Gallyhaock,04/11/2019,03/08/2021,Male
521,Brynn,Keilty,11/04/2019,04/08/2021,Female
522,Seymour,Dowderswell,04/07/2019,05/08/2021,Male
523,Reta,O'Deegan,05/09/2019,06/08/2021,Female
524,Allistir,Vogt,11/16/2019,07/08/2021,Male
525,Alex,Mcimmie,03/04/2019,08/08/2021,Female
526,Mauricio,Rossbrooke,11/11/2019,09/08/2021,Male
527,Guillaume,Fitzmaurice,10/12/2019,10/08/2021,Male
528,Lexi,Cuffe,06/07/2019,11/08/2021,Female
529,Kelly,Pickthall,7/30/2019,12/08/2021,Male
530,Fitzgerald,Fuidge,12/26/2019,13/08/2021,Male
531,Bronson,Dowsing,09/05/2019,14/08/2021,Male
532,Jaimie,Beeby,05/02/2019,15/08/2021,Male
533,Hunt,Van den Bosch,8/19/2019,16/08/2021,Male
534,Heath,Pawlyn,06/09/2019,17/08/2021,Male
535,Dorey,Ajsik,3/13/2019,18/08/2021,Male
536,Bearnard,Spinelli,10/30/2019,19/08/2021,Male
537,Barbe,Dubs,11/08/2019,20/08/2021,Female
538,Creight,Abbatucci,04/11/2019,21/08/2021,Male
539,Jacob,Chaplyn,4/22/2019,22/08/2021,Male
540,Kizzee,Bartlosz,02/01/2020,23/08/2021,Female
541,Brockie,Yerborn,5/20/2019,24/08/2021,Male
542,Earl,Blayney,12/29/2019,25/08/2021,Male
543,Job,McKeating,08/12/2019,26/08/2021,Male
544,Dane,Cardwell,08/07/2019,27/08/2021,Male
545,Oren,Demsey,03/02/2019,28/08/2021,Male
546,Dyana,Harbisher,06/03/2019,29/08/2021,Female
547,Tyson,Sykora,01/03/2020,30/08/2021,Male
548,Rochell,McWhorter,7/26/2019,31/08/2021,Female
549,Bevin,Gayden,12/04/2019,01/09/2021,Male
550,Jay,Dudgeon,12/17/2019,02/09/2021,Male
551,Laraine,Petronis,12/25/2019,03/09/2021,Female
552,Gerik,Ortells,12/24/2019,04/09/2021,Male
553,Tades,Spick,4/16/2019,05/09/2021,Male
554,Sal,Pulster,12/13/2019,06/09/2021,Male
555,Elbertine,Duinbleton,4/16/2019,07/09/2021,Female
556,Noe,Baskeyfied,6/22/2019,08/09/2021,Male
557,Addi,Burwell,11/14/2019,09/09/2021,Female
558,Lowell,Croisier,9/22/2019,10/09/2021,Male
559,Odessa,Gorries,4/13/2019,11/09/2021,Female
560,Roberto,Mouse,06/10/2019,12/09/2021,Male
561,Cesya,Leaf,07/06/2019,13/09/2021,Female
562,Inglebert,Barroux,9/23/2019,14/09/2021,Male
563,Colly,Cathenod,10/06/2019,15/09/2021,Female
564,Thorin,Keeves,08/07/2019,16/09/2021,Male
565,Priscella,Gerssam,06/06/2019,17/09/2021,Female
566,Timotheus,Tabb,7/21/2019,18/09/2021,Male
567,Craggy,Lippini,1/16/2020,19/09/2021,Male
568,Rochette,Cottie,7/24/2019,20/09/2021,Female
569,Hubey,Munnion,8/31/2019,21/09/2021,Male
570,Herculie,Emloch,01/07/2020,22/09/2021,Male
571,Jarrid,Daymont,07/04/2019,23/09/2021,Male
572,Evvie,Bewlay,03/09/2019,24/09/2021,Female
573,Dillon,Bisatt,12/27/2019,25/09/2021,Male
574,Caty,Piscopo,01/10/2020,26/09/2021,Female
575,Lucille,Blague,3/22/2019,27/09/2021,Female
576,Karlan,Gabbott,8/17/2019,28/09/2021,Male
577,Michele,Stolberger,11/14/2019,29/09/2021,Male
578,Alberik,Glandfield,3/14/2019,30/09/2021,Male
579,Roderic,Venneur,11/29/2019,01/10/2021,Male
580,Humfrey,Jessep,7/20/2019,02/10/2021,Male
581,Hermon,Roback,1/13/2020,03/10/2021,Male
582,Helge,Gemelli,12/31/2019,04/10/2021,Female
583,Conn,Hanscom,2/16/2020,05/10/2021,Male
584,Marietta,Duckering,01/08/2020,06/10/2021,Male
585,Alvy,Keenlyside,3/19/2019,07/10/2021,Male
586,Collin,Aleixo,5/18/2019,08/10/2021,Male
587,Hanny,Moodey,10/29/2019,09/10/2021,Female
588,Jilly,Pandya,7/13/2019,10/10/2021,Female
589,Obadiah,Sleith,10/16/2019,11/10/2021,Male
590,Ethan,Whitney,2/20/2020,12/10/2021,Male
591,Ignaz,Parrish,12/28/2019,13/10/2021,Male
592,Caressa,Conklin,06/12/2019,14/10/2021,Female
593,Veriee,Sonner,04/02/2019,15/10/2021,Female
594,Moses,Curtin,10/13/2019,16/10/2021,Male
595,Berni,Serman,4/28/2019,17/10/2021,Female
596,Drew,Rampage,4/25/2019,18/10/2021,Male
597,Laraine,Philipsson,10/11/2019,19/10/2021,Female
598,Enid,Marczyk,2/13/2020,20/10/2021,Female
599,Henrieta,Rayhill,03/04/2019,21/10/2021,Female
600,Maxie,Wainer,09/12/2019,22/10/2021,Female
601,Benny,Kinnear,8/15/2019,23/10/2021,Female
602,Malvin,Gavozzi,11/11/2019,24/10/2021,Male
603,Kristoffer,Edwins,03/01/2020,25/10/2021,Male
604,Cale,Lackham,09/08/2019,26/10/2021,Male
605,Evey,Groundwater,04/01/2019,27/10/2021,Female
606,Janela,Portchmouth,3/19/2019,28/10/2021,Female
607,Tadeas,Codi,03/11/2019,29/10/2021,Male
608,Derby,Calvey,11/02/2019,30/10/2021,Male
609,Curcio,Notti,11/08/2019,31/10/2021,Male
610,Way,Slowan,03/04/2019,01/11/2021,Male
611,Gabriellia,Eusden,11/30/2019,02/11/2021,Female
612,Brittan,Spelsbury,4/13/2019,03/11/2021,Female
613,Romona,McDugal,5/30/2019,04/11/2021,Female
614,Stern,Desforges,2/29/2020,05/11/2021,Male
615,Francesca,Doree,05/05/2019,06/11/2021,Female
616,Gilbertine,Dugdale,10/19/2019,07/11/2021,Female
617,Maribelle,Andreolli,4/30/2019,08/11/2021,Female
618,Ludwig,Raspison,2/16/2020,09/11/2021,Male
619,Camilla,Worts,11/22/2019,10/11/2021,Female
620,Nealon,Wodeland,9/22/2019,11/11/2021,Male
621,Gilbert,Stenet,05/08/2019,12/11/2021,Male
622,Reinwald,Reinhard,9/23/2019,13/11/2021,Male
623,Rutherford,Portugal,04/10/2019,14/11/2021,Male
624,Jacquetta,Torbard,1/16/2020,15/11/2021,Female
625,Borden,Rosenstengel,7/29/2019,16/11/2021,Male
626,Edyth,Lipgens,8/22/2019,17/11/2021,Female
627,Lauree,Symmons,11/21/2019,18/11/2021,Female
628,Art,Cardoo,9/26/2019,19/11/2021,Male
629,Mohammed,Ealden,02/05/2020,20/11/2021,Male
630,Abe,Rennles,06/03/2019,21/11/2021,Male
631,Hamnet,Duckering,06/04/2019,22/11/2021,Male
632,Gardie,Creeber,04/05/2019,23/11/2021,Male
633,Leroy,Tidridge,09/08/2019,24/11/2021,Male
634,Kim,Cathrall,5/26/2019,25/11/2021,Female
635,Pippo,Lorkins,12/16/2019,26/11/2021,Male
636,Mamie,Yong,11/10/2019,27/11/2021,Female
637,Fidole,Adamek,8/19/2019,28/11/2021,Male
638,Laural,Tunder,04/07/2019,29/11/2021,Female
639,Harriot,Westmancoat,2/28/2020,30/11/2021,Female
640,Margaretha,Whilde,8/28/2019,01/12/2021,Female
641,Luciana,Meads,4/21/2019,02/12/2021,Female
642,Anton,Goodred,1/29/2020,03/12/2021,Male
643,Erroll,Lenoir,08/11/2019,04/12/2021,Male
644,Laetitia,Lackie,11/24/2019,05/12/2021,Female
645,Hadria,Truesdale,7/30/2019,06/12/2021,Female
646,Geri,Pre,1/31/2020,07/12/2021,Male
647,Rhodie,Normand,10/21/2019,08/12/2021,Female
648,Ruddie,Bentje,4/28/2019,09/12/2021,Male
649,Morna,Parzis,9/14/2019,10/12/2021,Female
650,Armando,MacNucator,4/24/2019,11/12/2021,Male
651,Dori,Baert,1/23/2020,12/12/2021,Female
652,Marge,Burdus,5/18/2019,13/12/2021,Female
653,Erna,McGreay,8/18/2019,14/12/2021,Female
654,Griffy,Connett,08/07/2019,15/12/2021,Male
655,Ellen,Harry,2/20/2020,16/12/2021,Female
656,Kassandra,Olivia,07/07/2019,17/12/2021,Female
657,Adorne,Brideoke,05/09/2019,18/12/2021,Female
658,Allen,Bowskill,02/06/2020,19/12/2021,Male
659,Vassily,Grigg,12/01/2019,20/12/2021,Male
660,Herrick,Trundell,2/24/2020,21/12/2021,Male
661,Felicio,Franckton,2/28/2020,22/12/2021,Male
662,Dallis,Eastwell,02/03/2020,23/12/2021,Male
663,Naoma,Flux,04/04/2019,24/12/2021,Female
664,Delcine,Karchowski,3/29/2019,25/12/2021,Female
665,Patty,Foldes,7/29/2019,26/12/2021,Male
666,Witty,Clampe,04/02/2019,27/12/2021,Male
667,Odelle,Taft,12/10/2019,28/12/2021,Female
668,Kissee,Upham,7/21/2019,29/12/2021,Female
669,Jordana,Gavagan,06/03/2019,30/12/2021,Female
670,Giselbert,Presslie,10/07/2019,31/12/2021,Male
671,Blithe,Seebert,02/11/2020,01/01/2022,Female
672,Xenos,Clitsome,7/24/2019,02/01/2022,Male
673,Ardella,Gervaise,11/14/2019,03/01/2022,Female
674,Findlay,Merigon,07/07/2019,04/01/2022,Male
675,Darin,Jimson,12/03/2019,05/01/2022,Male
676,Korney,Presnall,11/02/2019,06/01/2022,Female
677,Lillian,O' Liddy,12/20/2019,07/01/2022,Female
678,Shalna,Battany,01/07/2020,08/01/2022,Female
679,Kris,Grinaugh,06/01/2019,09/01/2022,Male
680,Blisse,Gritland,6/20/2019,10/01/2022,Female
681,Hildegaard,McCutcheon,1/18/2020,11/01/2022,Female
682,Godart,Hagerty,8/28/2019,12/01/2022,Male
683,Bridgette,Desaur,10/18/2019,13/01/2022,Female
684,Lexy,Ivie,6/13/2019,14/01/2022,Female
685,Flossy,Franschini,12/21/2019,15/01/2022,Female
686,Ramon,Bahike,2/22/2020,16/01/2022,Male
687,Elyssa,Seymour,01/10/2020,17/01/2022,Female
688,Ashil,Pote,5/21/2019,18/01/2022,Female
689,Lindsey,Jerzyk,11/28/2019,19/01/2022,Female
690,Hasty,Ridehalgh,9/17/2019,20/01/2022,Male
691,Jory,Wankel,8/27/2019,21/01/2022,Male
692,Dare,Volonte,11/05/2019,22/01/2022,Male
693,Modestia,Isles,07/01/2019,23/01/2022,Female
694,Obadias,Robbins,09/03/2019,24/01/2022,Male
695,Keefer,Bevans,07/05/2019,25/01/2022,Male
696,Bradan,Kahn,7/16/2019,26/01/2022,Male
697,Lucas,Alanbrooke,04/05/2019,27/01/2022,Male
698,Sidonnie,Brombell,5/31/2019,28/01/2022,Female
699,Auberta,Takos,4/19/2019,29/01/2022,Female
700,Augie,McReynold,9/27/2019,30/01/2022,Male
701,Jenda,Stienham,10/07/2019,31/01/2022,Female
702,Cindra,Carbery,8/27/2019,01/02/2022,Female
703,Davis,Dillistone,3/22/2019,02/02/2022,Male
704,Kalil,Wemes,10/13/2019,03/02/2022,Male
705,Madelina,covino,8/21/2019,04/02/2022,Female
706,Fair,Kobpal,4/25/2019,05/02/2022,Male
707,Woodie,Lomax,04/10/2019,06/02/2022,Male
708,Germayne,Dagg,5/28/2019,07/02/2022,Male
709,Devina,Oxherd,5/19/2019,08/02/2022,Female
710,Wanda,Gladbeck,09/07/2019,09/02/2022,Female
711,Chicky,Ife,07/10/2019,10/02/2022,Male
712,Melany,Rudall,1/19/2020,11/02/2022,Female
713,Boyce,Nias,6/23/2019,12/02/2022,Male
714,Evy,Gresswell,7/21/2019,13/02/2022,Female
715,Korry,Venediktov,2/16/2020,14/02/2022,Female
716,Tucker,Haccleton,05/02/2019,15/02/2022,Male
717,Veriee,Warder,5/13/2019,16/02/2022,Female
718,Chloe,McMechan,8/29/2019,17/02/2022,Female
719,Nick,Halton,04/02/2019,18/02/2022,Male
720,Gill,Trahmel,1/15/2020,19/02/2022,Female
721,Stan,Cremer,7/13/2019,20/02/2022,Male
722,Wenonah,Malloch,6/14/2019,21/02/2022,Female
723,Deborah,Featherstonhalgh,05/10/2019,22/02/2022,Female
724,Yvon,Bedberry,07/08/2019,23/02/2022,Male
725,Palm,De Angelis,04/11/2019,24/02/2022,Male
726,Llewellyn,Ayre,09/03/2019,25/02/2022,Male
727,Jayme,Phillot,06/04/2019,26/02/2022,Male
728,Lira,Bloxsom,4/24/2019,27/02/2022,Female
729,Mickie,Chritchlow,11/08/2019,28/02/2022,Male
730,Brendis,McTurk,1/17/2020,01/03/2022,Male
731,Peg,Simonassi,2/28/2020,02/03/2022,Female
732,Filia,Jaques,04/02/2019,03/03/2022,Female
733,Torry,Amdohr,1/24/2020,04/03/2022,Male
734,Gaven,Howton,09/10/2019,05/03/2022,Male
735,Terrill,Rodolico,04/03/2019,06/03/2022,Male
736,Onfroi,Sodor,05/07/2019,07/03/2022,Male
737,Findley,Kubyszek,01/01/2020,08/03/2022,Male
738,Georgena,Casbolt,09/12/2019,09/03/2022,Female
739,Shannan,Stronghill,12/31/2019,10/03/2022,Male
740,Jen,Wyett,05/01/2019,11/03/2022,Female
741,Gawen,Bohey,05/02/2019,12/03/2022,Male
742,Lynda,Wycliffe,09/02/2019,13/03/2022,Female
743,Gratia,Ratt,03/02/2019,14/03/2022,Female
744,Becka,Micheau,12/25/2019,15/03/2022,Female
745,Matty,Mackieson,3/15/2019,16/03/2022,Female
746,Tonye,Bollom,09/03/2019,17/03/2022,Female
747,Judah,Siddele,05/05/2019,18/03/2022,Male
748,Dorisa,Semple,8/29/2019,19/03/2022,Female
749,Adaline,Doyley,07/07/2019,20/03/2022,Female
750,Peyter,Pierpoint,7/31/2019,21/03/2022,Male
751,Jasen,Flew,10/27/2019,22/03/2022,Male
752,Hiram,Coggeshall,5/14/2019,23/03/2022,Male
753,Nedi,Foucar,4/13/2019,24/03/2022,Female
754,Jennee,Hasard,7/23/2019,25/03/2022,Female
755,Madonna,Wrightson,1/18/2020,26/03/2022,Female
756,Alana,McShirie,01/12/2020,27/03/2022,Female
757,Gill,Cupitt,7/26/2019,28/03/2022,Male
758,Inglis,Walter,05/07/2019,29/03/2022,Male
759,Adriaens,Roycroft,01/07/2020,30/03/2022,Female
760,Ettie,Vinson,3/15/2019,31/03/2022,Female
761,Blaine,Jeune,1/20/2020,01/04/2022,Male
762,Devin,Schoenrock,2/20/2020,02/04/2022,Female
763,Daphene,Dingwall,3/24/2019,03/04/2022,Female
764,Egbert,Gummie,6/16/2019,04/04/2022,Male
765,Evered,Hiers,01/05/2020,05/04/2022,Male
766,Emlynn,Matelyunas,4/15/2019,06/04/2022,Female
767,Eleen,Burds,09/02/2019,07/04/2022,Female
768,Eunice,Gaskal,04/11/2019,08/04/2022,Female
769,Baxy,Hesse,07/05/2019,09/04/2022,Male
770,Siward,Schwerin,2/26/2020,10/04/2022,Male
771,Helena,Larkkem,12/09/2019,11/04/2022,Female
772,Thayne,Trye,6/16/2019,12/04/2022,Male
773,Tony,Edler,4/19/2019,13/04/2022,Male
774,Fredi,Middlewick,07/09/2019,14/04/2022,Female
775,Massimo,Bullant,4/20/2019,15/04/2022,Male
776,Barbabas,Bison,9/26/2019,16/04/2022,Male
777,Lebbie,Broadbent,02/04/2020,17/04/2022,Female
778,Thedric,Shortall,3/17/2019,18/04/2022,Male
779,Lucy,Ziemen,02/08/2020,19/04/2022,Female
780,Mikkel,Hospital,03/04/2019,20/04/2022,Male
781,Dag,Luney,08/01/2019,21/04/2022,Male
782,Nicolina,Shearsby,6/27/2019,22/04/2022,Female
783,Maitilde,Dabnot,10/29/2019,23/04/2022,Female
784,Wilmar,Sennett,11/14/2019,24/04/2022,Male
785,Kippy,Eshmade,03/01/2020,25/04/2022,Male
786,Cherey,Gagan,9/20/2019,26/04/2022,Female
787,Tito,Sertin,11/03/2019,27/04/2022,Male
788,Cherie,Poli,09/06/2019,28/04/2022,Female
789,Nita,Stenbridge,11/02/2019,29/04/2022,Female
790,Edgardo,Chaloner,09/11/2019,30/04/2022,Male
791,Baron,Posselow,3/20/2019,01/05/2022,Male
792,Duffy,Ferens,07/06/2019,02/05/2022,Male
793,Constancia,Bryson,1/29/2020,03/05/2022,Female
794,Julee,Sidebotham,11/26/2019,04/05/2022,Female
795,Fianna,Egel,06/05/2019,05/05/2022,Female
796,Kylen,McPhilip,1/24/2020,06/05/2022,Female
797,Salomo,Huson,8/14/2019,07/05/2022,Male
798,Lynna,Entreis,05/08/2019,08/05/2022,Female
799,Theresa,Pruce,5/21/2019,09/05/2022,Female
800,Nicky,Melchior,11/28/2019,10/05/2022,Female
801,Gusty,Cudworth,07/01/2019,11/05/2022,Female
802,Lucio,Frane,2/23/2020,12/05/2022,Male
803,Cassey,Avramow,09/12/2019,13/05/2022,Female
804,Bernetta,Hatje,11/29/2019,14/05/2022,Female
805,Fara,Rains,08/08/2019,15/05/2022,Female
806,Aksel,Kuhne,6/24/2019,16/05/2022,Male
807,Janith,Clift,02/05/2020,17/05/2022,Female
808,Egor,Heineking,02/09/2020,18/05/2022,Male
809,Glenda,Dunsire,04/06/2019,19/05/2022,Female
810,Dominick,Richards,01/01/2020,20/05/2022,Male
811,Estell,Tampion,4/28/2019,21/05/2022,Female
812,Gwendolen,Benedito,09/10/2019,22/05/2022,Female
813,Kay,Novichenko,01/10/2020,23/05/2022,Female
814,Cliff,Plumtree,08/05/2019,24/05/2022,Male
815,Harv,Braysher,01/12/2020,25/05/2022,Male
816,Abbott,Codman,6/29/2019,26/05/2022,Male
817,Ozzy,Bernhardsson,2/18/2020,27/05/2022,Male
818,Gusti,Trickett,12/09/2019,28/05/2022,Female
819,Sly,Stewart,12/14/2019,29/05/2022,Male
820,Hercules,Davidovitz,10/15/2019,30/05/2022,Male
821,Ulysses,Pigot,3/15/2019,31/05/2022,Male
822,Vern,Brightwell,4/19/2019,01/06/2022,Male
823,Paola,Izkovitch,4/28/2019,02/06/2022,Female
824,Barris,Malby,6/18/2019,03/06/2022,Male
825,Phebe,Anfosso,1/27/2020,04/06/2022,Female
826,Bruno,Fairs,04/09/2019,05/06/2022,Male
827,Morlee,Hartas,8/27/2019,06/06/2022,Male
828,Mordecai,Spender,3/18/2019,07/06/2022,Male
829,Priscella,McSporon,5/15/2019,08/06/2022,Female
830,Stanleigh,Cutbirth,12/19/2019,09/06/2022,Male
831,Rozalie,Balsom,12/07/2019,10/06/2022,Female
832,Alfonse,Petch,1/17/2020,11/06/2022,Male
833,Michelle,Abad,12/18/2019,12/06/2022,Female
834,Judy,MacKegg,1/24/2020,13/06/2022,Female
835,Tanney,Apps,10/26/2019,14/06/2022,Male
836,Cori,Woodger,7/18/2019,15/06/2022,Male
837,Vita,Hawk,12/07/2019,16/06/2022,Female
838,Shanta,Berkery,4/25/2019,17/06/2022,Female
839,Ophelie,Blance,08/04/2019,18/06/2022,Female
840,Dunn,Paolini,11/17/2019,19/06/2022,Male
841,Nessy,Thaller,4/24/2019,20/06/2022,Female
842,Benjy,Groves,03/07/2019,21/06/2022,Male
843,Fanchette,Casin,1/24/2020,22/06/2022,Female
844,Roobbie,Preddle,7/30/2019,23/06/2022,Female
845,Rowen,Bertolin,12/18/2019,24/06/2022,Male
846,Yankee,Hannaway,11/10/2019,25/06/2022,Male
847,Isabelita,Vanni,3/26/2019,26/06/2022,Female
848,Chanda,Cancutt,07/07/2019,27/06/2022,Female
849,Angel,Jesson,03/12/2019,28/06/2022,Female
850,Phyllis,Bruckmann,10/26/2019,29/06/2022,Female
851,Garv,Maddrell,09/08/2019,30/06/2022,Male
852,Mamie,Duxbarry,2/28/2020,01/07/2022,Female
853,Chaunce,Mival,12/02/2019,02/07/2022,Male
854,Vallie,Shier,3/17/2019,03/07/2022,Female
855,Fionna,Von Helmholtz,11/17/2019,04/07/2022,Female
856,Lisle,Reaney,04/01/2019,05/07/2022,Male
857,Duncan,Daenen,07/04/2019,06/07/2022,Male
858,Anna,Warby,1/31/2020,07/07/2022,Female
859,James,Bywaters,3/23/2019,08/07/2022,Male
860,Corine,Powder,06/03/2019,09/07/2022,Female
861,Fidelio,Nassi,10/22/2019,10/07/2022,Male
862,Bee,Ruecastle,11/26/2019,11/07/2022,Female
863,Eugenius,Thies,02/07/2020,12/07/2022,Male
864,Alison,Begwell,11/30/2019,13/07/2022,Female
865,Isadore,Levis,08/02/2019,14/07/2022,Male
866,Siouxie,Garter,8/20/2019,15/07/2022,Female
867,Ted,Jandourek,02/08/2020,16/07/2022,Male
868,Benedicto,Browell,5/30/2019,17/07/2022,Male
869,Neel,Hannis,8/16/2019,18/07/2022,Male
870,Rolph,Zannini,1/25/2020,19/07/2022,Male
871,Fields,Dankersley,11/05/2019,20/07/2022,Male
872,Miltie,Lyles,06/05/2019,21/07/2022,Male
873,Regen,Shearme,01/12/2020,22/07/2022,Male
874,Elvis,Atte-Stone,12/23/2019,23/07/2022,Male
875,Tyson,Grzesiak,4/19/2019,24/07/2022,Male
876,Laird,McMeekan,11/11/2019,25/07/2022,Male
877,Homere,Laviste,10/05/2019,26/07/2022,Male
878,Chrissy,Bilovus,1/29/2020,27/07/2022,Male
879,Pamella,Luckham,10/16/2019,28/07/2022,Female
880,Elladine,Fortie,08/06/2019,29/07/2022,Female
881,Fulton,Rosenfield,4/17/2019,30/07/2022,Male
882,Annaliese,Sumpton,12/31/2019,31/07/2022,Female
883,Elias,De Mitri,05/04/2019,01/08/2022,Male
884,Alika,Wallbutton,10/09/2019,02/08/2022,Female
885,Gerry,Vicar,10/19/2019,03/08/2022,Female
886,Nona,Parfitt,3/18/2019,04/08/2022,Female
887,Brigham,Tree,9/29/2019,05/08/2022,Male
888,Tracie,Macrae,03/09/2019,06/08/2022,Female
889,Ronny,Brydon,01/11/2020,07/08/2022,Male
890,Nessa,Dunlop,01/06/2020,08/08/2022,Female
891,Khalil,Balazin,12/23/2019,09/08/2022,Male
892,Sada,Anstee,01/09/2020,10/08/2022,Female
893,Donnell,Daymont,11/15/2019,11/08/2022,Male
894,West,Lestrange,06/03/2019,12/08/2022,Male
895,Garvin,Screeton,10/20/2019,13/08/2022,Male
896,Bruis,Crocumbe,2/13/2020,14/08/2022,Male
897,Marthe,Schimaschke,10/01/2019,15/08/2022,Female
898,Hestia,Paulack,6/26/2019,16/08/2022,Female
899,Clement,Toothill,5/20/2019,17/08/2022,Male
900,Jarid,Smaleman,3/29/2019,18/08/2022,Male
901,Wallache,Lemasney,04/07/2019,19/08/2022,Male
902,Ilario,Bitchener,6/13/2019,20/08/2022,Male
903,Francis,Chaise,5/13/2019,21/08/2022,Male
904,Oriana,Duggon,7/16/2019,22/08/2022,Female
905,Gare,St. Paul,9/26/2019,23/08/2022,Male
906,Charlena,Mitchard,6/18/2019,24/08/2022,Female
907,Chrystel,Peepall,7/30/2019,25/08/2022,Female
908,Winnie,Nozzolii,5/13/2019,26/08/2022,Male
909,Ettie,Wais,11/08/2019,27/08/2022,Female
910,Jeanette,Currington,11/11/2019,28/08/2022,Female
911,Rebe,Whaplington,2/17/2020,29/08/2022,Female
912,Griffin,Di Meo,12/01/2019,30/08/2022,Male
913,Brinna,Winfrey,7/24/2019,31/08/2022,Female
914,Hurleigh,Guisot,07/09/2019,01/09/2022,Male
915,Veronika,Braghini,1/31/2020,02/09/2022,Female
916,Zonnya,Studart,04/09/2019,03/09/2022,Female
917,Bianka,Kings,9/29/2019,04/09/2022,Female
918,Morris,Kain,01/12/2020,05/09/2022,Male
919,Randal,Harle,3/22/2019,06/09/2022,Male
920,Goddart,Pinnell,05/07/2019,07/09/2022,Male
921,Webster,Bowdery,12/16/2019,08/09/2022,Male
922,Adolph,Dennerly,01/11/2020,09/09/2022,Male
923,Con,Swires,10/22/2019,10/09/2022,Male
924,Burr,Ellissen,4/15/2019,11/09/2022,Male
925,Adrian,Skeeles,02/09/2020,12/09/2022,Male
926,Horten,Brunini,3/16/2019,13/09/2022,Male
927,Agosto,Hamber,6/15/2019,14/09/2022,Male
928,Jena,Bulfoot,07/09/2019,15/09/2022,Female
929,Dory,Pavic,4/21/2019,16/09/2022,Male
930,Yardley,Nugent,6/24/2019,17/09/2022,Male
931,Rog,Abramovitz,7/31/2019,18/09/2022,Male
932,Nate,Rallinshaw,2/18/2020,19/09/2022,Male
933,Quintilla,Magson,2/25/2020,20/09/2022,Female
934,Charmine,Rummins,07/02/2019,21/09/2022,Female
935,Orson,Blaker,8/15/2019,22/09/2022,Male
936,Ros,Pollard,9/21/2019,23/09/2022,Female
937,Karie,Groombridge,12/26/2019,24/09/2022,Female
938,Liuka,Franiak,10/16/2019,25/09/2022,Female
939,Reinhold,Gripton,10/14/2019,26/09/2022,Male
940,Carmelita,Yes,5/25/2019,27/09/2022,Female
941,Cristiano,Lovewell,6/13/2019,28/09/2022,Male
942,Hillie,Dewen,10/21/2019,29/09/2022,Male
943,Rusty,Lamport,06/11/2019,30/09/2022,Male
944,Harry,Itzakson,10/02/2019,01/10/2022,Male
945,Carny,Giabuzzi,9/26/2019,02/10/2022,Male
946,Aidan,Caulder,3/27/2019,03/10/2022,Female
947,Marketa,Reveland,1/29/2020,04/10/2022,Female
948,Chet,Juara,10/10/2019,05/10/2022,Male
949,Calvin,Dikelin,02/01/2020,06/10/2022,Male
950,Pearline,Warren,07/11/2019,07/10/2022,Female
951,Reuben,Gregoli,1/30/2020,08/10/2022,Male
952,Henry,MacDermand,12/03/2019,09/10/2022,Male
953,Correna,Fumagallo,03/02/2019,10/10/2022,Female
954,Ellynn,Bouchier,7/15/2019,11/10/2022,Female
955,Joli,Culcheth,5/25/2019,12/10/2022,Female
956,Myrna,Battlestone,12/30/2019,13/10/2022,Female
957,Kirsten,Threadgill,9/30/2019,14/10/2022,Female
958,Constancia,Schukert,11/20/2019,15/10/2022,Female
959,Whitaker,Ghidetti,10/14/2019,16/10/2022,Male
960,Sianna,Greatbatch,01/02/2020,17/10/2022,Female
961,Ben,Fall,9/25/2019,18/10/2022,Male
962,Mata,Rudwell,5/31/2019,19/10/2022,Male
963,Gareth,Keable,10/31/2019,20/10/2022,Male
964,Marchelle,Horwell,9/18/2019,21/10/2022,Female
965,Randy,Triebner,11/05/2019,22/10/2022,Female
966,Karena,Kerbler,03/08/2019,23/10/2022,Female
967,Halie,Cavell,01/08/2020,24/10/2022,Female
968,Wolfy,Malthouse,2/26/2020,25/10/2022,Male
969,Traci,Nutton,1/23/2020,26/10/2022,Female
970,Vanessa,Dawley,01/03/2020,27/10/2022,Female
971,Adams,Theunissen,10/30/2019,28/10/2022,Male
972,Dru,Bronot,7/18/2019,29/10/2022,Male
973,Sanders,MacKeague,01/02/2020,30/10/2022,Male
974,Rolland,Rollingson,4/30/2019,31/10/2022,Male
975,Norma,Croad,3/19/2019,01/11/2022,Female
976,Erminie,Ashlee,8/15/2019,02/11/2022,Female
977,Gage,Radin,10/28/2019,03/11/2022,Male
978,Garland,Clifft,04/08/2019,04/11/2022,Female
979,Zolly,Blaszczak,08/06/2019,05/11/2022,Male
980,Harlin,Crenshaw,2/22/2020,06/11/2022,Male
981,Abie,Edmand,4/28/2019,07/11/2022,Male
982,Wilhelmina,McDell,3/18/2019,08/11/2022,Female
983,Barbee,Blenkinsopp,2/27/2020,09/11/2022,Female
984,Rivkah,Fritter,8/30/2019,10/11/2022,Female
985,Neill,Arnolds,12/18/2019,11/11/2022,Male
986,Paulie,Crippell,07/01/2019,12/11/2022,Female
987,Sarene,Wayte,7/27/2019,13/11/2022,Female
988,Ivett,Thing,10/17/2019,14/11/2022,Female
989,Donella,Waldera,02/11/2020,15/11/2022,Female
990,Clarine,Cejka,9/19/2019,16/11/2022,Female
991,Kata,Jendrach,11/23/2019,17/11/2022,Female
992,Chelsea,Jenton,9/18/2019,18/11/2022,Female
993,Toiboid,Doers,9/28/2019,19/11/2022,Male
994,Fredrika,Kienlein,7/25/2019,20/11/2022,Female
995,Alan,Riach,05/09/2019,21/11/2022,Male
996,Bert,Walkingshaw,05/05/2019,22/11/2022,Male
997,Aime,Lago,01/01/2020,23/11/2022,Female
998,Greta,Montford,08/01/2019,24/11/2022,Female
999,Steffie,Petracco,7/30/2019,25/11/2022,Female
1000,Tami,Kornyshev,7/24/2019,26/11/2022,Female
